Race,gradient,f_rr,c_rr
all,0.6125898968667249,1331.0993888719854,0.042139133881385626
Azerbaijan Grand Prix,0.6398242924489593,1338.8888193714422,0.042385726928772204
Belgian Grand Prix,0.5741495401884495,1774.3336532994097,0.05617077431760625
Italian Grand Prix,1.0324163177788162,-2003.9001089248486,-0.06343824937555317
Japanese Grand Prix,0.5760635370017274,2276.8222579577437,0.07207825257399103
Brazilian Grand Prix,1.0324163177788162,-2003.9001089248486,-0.06343824937555317
Las Vegas Grand Prix,0.6272861618472205,1125.873900095989,0.03564223032955309
