Alfa Romeo,AlphaTauri,Alpine,Aston Martin,Ferrari,Haas,McLaren,Mercedes,Red Bull,Williams
1.2623560116504737,1.1515002498372986,1.3045310673639696,1.3603623592510852,1.2744275875940676,1.3781588207593634,1.5717508678451406,1.2455993241525871,1.280663840002769,1.3187177589951224
-0.008821710571937431,0.005899143431099672,-0.012332659884021279,-0.025223047607256653,-0.013913167942191253,-0.02010004978856077,-0.028207965657746942,-0.0048226588484709875,-0.011487092848798057,-0.021628033695020362
1.4921992166403069,1.2881371864172324,1.5920741904295752,1.8320768069719329,1.615169319125097,1.6537931441420448,1.5935780623230242,1.7603650935788393,1.512888573533626,1.8577671810400886
-0.06231529085792417,-0.04544112275007932,-0.07992480652594955,-0.0978425484732633,-0.08593084713632516,-0.08982753245418407,-0.07768500832190807,-0.09476058256407852,-0.07545909447965633,-0.11256104667369927
-0.22984320498983313,-0.1366369365799338,-0.2875431230656056,-0.4717144477208477,-0.3407417315310295,-0.27563432338268146,-0.021827194477883616,-0.5147657694262522,-0.23222473353085693,-0.5390494220449662
0.05349358028598674,0.05134026618117899,0.06759214664192827,0.07261950086600666,0.0720176791941339,0.0697274826656233,0.04947704266416113,0.08993792371560753,0.06397200163085828,0.09093301297867891
C43,AT04,A523,AMR23,SF-23,VF-23,MCL60,W14,RB19,FW45
