Race,gradient,f_rr,c_rr
all,0.3366810832171365,3321.5715696742986,0.10515229008535777
Azerbaijan Grand Prix,-0.5297649205308395,10319.886864131195,0.32670069406079466
Belgian Grand Prix,1.7333285958601208,-6806.352554436587,-0.2154713644473755
Italian Grand Prix,1.0152035309004634,-2274.2943976924153,-0.07199822711304903
Brazilian Grand Prix,1.0152035309004634,-2274.2943976924153,-0.07199822711304903
Las Vegas Grand Prix,0.564860713844104,1540.9837356651012,0.04878352472331761
