Race,gradient,f_rr,c_rr
all,0.23616295765107645,4138.296980932229,0.13100768581091132
Azerbaijan Grand Prix,0.1347934927748622,5364.253798343423,0.16981828019144563
Canadian Grand Prix,-5.788588114624698,49889.14385440618,1.579360136202955
Belgian Grand Prix,0.13116055659697085,5273.911795145501,0.1669582880678703
Italian Grand Prix,0.33944042514198464,3189.0847346028654,0.10095810253838032
Brazilian Grand Prix,0.33944042514198464,3189.0847346028654,0.10095810253838032
Las Vegas Grand Prix,0.5412032715568456,1723.3870391225582,0.05455793742988072
