Race,gradient,f_rr,c_rr
all,0.5835036247480025,1518.9443433667263,0.0480858150627996
Azerbaijan Grand Prix,1.2436307810780267,-3297.8394514098572,-0.10440099313698967
Belgian Grand Prix,1.2385287059336014,-3076.463357444556,-0.09739280356096758
Italian Grand Prix,0.7367616013476243,165.22177732094536,0.005230490414805065
Japanese Grand Prix,0.4068746671068243,2997.592599539097,0.09489596113545871
Brazilian Grand Prix,0.7367616013476243,165.22177732094536,0.005230490414805065
Las Vegas Grand Prix,1.1640738802157748,-3096.45204483553,-0.09802559325430162
