Race,gradient,f_rr,c_rr
all,0.8432769681038398,-405.5237025210112,-0.012837822431193016
Azerbaijan Grand Prix,0.9586145949672523,-1244.0994796834002,-0.03938494373479338
Belgian Grand Prix,1.1160289685067257,-2162.23954181514,-0.06845086272136874
Italian Grand Prix,1.6745070372535276,-7002.853771043098,-0.22169208030350251
Japanese Grand Prix,4.532064871678174,-27296.7545590233,-0.8641440335005888
Brazilian Grand Prix,1.6745070372535276,-7002.853771043098,-0.22169208030350251
Las Vegas Grand Prix,0.6750749377071353,925.6038296552044,0.029302202393780095
