Race,gradient,f_rr,c_rr
all,0.5289172305617785,1935.7022941679513,0.061279284484964364
Azerbaijan Grand Prix,0.10474838401949274,5705.1275833806,0.1806094549034323
Italian Grand Prix,0.8700189086152258,-785.3146451463313,-0.02486101281954436
Brazilian Grand Prix,0.8700189086152258,-785.3146451463313,-0.02486101281954436
Las Vegas Grand Prix,0.7771419323627667,-87.57685951610245,-0.0027724548887275136
