Race,gradient,f_rr,c_rr
all,0.5704677681177227,1375.7361412042478,0.04355221700521865
Azerbaijan Grand Prix,3.2663422613136968,-19266.416129348363,-0.6099244695597837
Belgian Grand Prix,1.4829075653364217,-5683.441856638115,-0.17992294137171838
Italian Grand Prix,1.3863613002507489,-4986.139244459318,-0.15784815989702858
Brazilian Grand Prix,1.3863613002507489,-4986.139244459318,-0.15784815989702858
Las Vegas Grand Prix,1.2268439414511199,-4136.4551383283915,-0.13094937787934707
