Race,gradient,f_rr,c_rr
all,0.5027836433515175,1974.815824021196,0.06251751679491696
Azerbaijan Grand Prix,1.2002453551138919,-2938.23397175475,-0.09301682184343363
Miami Grand Prix,0.4385857640749321,3086.4796316890506,0.09770989267160049
British Grand Prix,-1.0117175790299395,13301.615004716368,0.42109442781533507
Belgian Grand Prix,0.6867763324833656,763.8677154611522,0.024182058979655446
Italian Grand Prix,0.7097864759215381,319.89769807926206,0.010127126524438304
Japanese Grand Prix,1.6053186517848,-5809.279254790642,-0.18390662509388447
Brazilian Grand Prix,0.7097864759215381,319.89769807926206,0.010127126524438304
Las Vegas Grand Prix,1.1079614200961232,-3159.2883050087275,-0.10001482531479247
